Label	subjectText	subjectType
1-deoxy-D-xylulose 5-phosphate synthase	1-deoxy-D-xylulose 5-phosphate synthase	Gene_or_Protein
1-deoxy-D-xylulose 5-phosphate synthase	1-deoxy-d-xylulose 5-phosphate synthases	Gene_or_Protein
2-oxoglutarate dehydrogenase	2-oxoglutarate dehydrogenase	Gene_or_Protein
4-coumarate ligase	4CL	Gene_or_Protein
4-coumarate ligase	4-coumarate ligase	Gene_or_Protein
4-reductase	4-reductase	Gene_or_Protein
5-LOX	5-LOX	Gene_or_Protein
6ratio1	6ratio1	Gene_or_Protein
7B-1	7B-1	Gene_or_Protein
9-cis-epoxidase	9-cis-epoxidase	Gene_or_Protein
9-cis-epoxycarotenoid dioxygenase	9-cis-epoxycarotenoid dioxygenase	Gene_or_Protein
9-cis-epoxycarotenoid dioxygenase	9-cis-epoxy-carotenoid dioxygenase	Gene_or_Protein
9-cis-epoxycarotenoid dioxygenase	9-cis-epoxycarotenoid dioxygenases	Gene_or_Protein
9-cis-epoxycarotenoid dioxygenase	NCED	Gene_or_Protein
9-cis-epoxycarotenoid dioxygenase	NCED2	Gene_or_Protein
9-cis-epoxycarotenoid dioxygenase	NCEDs	Gene_or_Protein
A3GT	A3GT	Gene_or_Protein
A5GT	A5GT	Gene_or_Protein
ABF	ABF	Gene_or_Protein
ABF	ABF4	Gene_or_Protein
ACC deaminase	ACC deaminase	Gene_or_Protein
acetyl transferase	acetyl transferase	Gene_or_Protein
ACL	ACL5	Gene_or_Protein
ADC	ADC	Gene_or_Protein
ADC lyase	ADC lyase	Gene_or_Protein
ADC synthase	ADC synthase	Gene_or_Protein
adenine phosphoribosyltransferase	ADENINE PHOSPHORIBOSYLTRANSFERASE	Gene_or_Protein
adenosine diphosphate glucose pyrophosphorylase	Adenosine diphosphate glucose pyrophosphorylase	Gene_or_Protein
adenosine kinase	2.7.1.20	Gene_or_Protein
ADH	ADH	Gene_or_Protein
ADP-glucose	ADP-Glc	Gene_or_Protein
ADP-glucose pyrophosphorylase	ADP-Glc pyrophosphorylase	Gene_or_Protein
ADP-glucose pyrophosphorylase	ADP-glucose pyrophosphorylase	Gene_or_Protein
ADT	ADT	Gene_or_Protein
AGA	AGA	Gene_or_Protein
AGMT	AGMT	Gene_or_Protein
AGPase	AGPase	Gene_or_Protein
AGPase	AGPase;	Gene_or_Protein
AGPase	LSE370GSSWTAGPase	Gene_or_Protein
AgpL1	AgpL1	Gene_or_Protein
amp2	amp2	Gene_or_Protein
AN1	an1	Gene_or_Protein
AN1	Stan1	Gene_or_Protein
AN1	StanI	Gene_or_Protein
AN11	StAN11	Gene_or_Protein
AN2	An2	Gene_or_Protein
AN2	StAn2	Gene_or_Protein
AnnSl	AnnSl3	Gene_or_Protein
AnnSl	AnnSl6	Gene_or_Protein
AnnSl	AnnSl8	Gene_or_Protein
ANS	ANS	Gene_or_Protein
ANT1	ANT1	Gene_or_Protein
anthocyanidin-3′-O-glycoside-6′-O-acyl transferase	anthocyanidin-3′-O-glycoside-6′-O-acyl transferase	Gene_or_Protein
anthocyanidin-3-O-glycosyl transferase	anthocyanidin-3-O-glycosyl transferase	Gene_or_Protein
anthocyanidin-5-O-glycosyl transferase	anthocyanidin-5-O-glycosyl transferase	Gene_or_Protein
anthocyanidin-glycoside-3′-O-methyl transferase	anthocyanidin-glycoside-3′-O-methyl transferase	Gene_or_Protein
anthocyanin synthase	anthocyanin synthase	Gene_or_Protein
"AOS	hydroperoxide dehydratase"	"AOS; hydroperoxide dehydratase"	Gene_or_Protein
APX	APX	Gene_or_Protein
arogenate dehydratase	arogenate dehydratase	Gene_or_Protein
arogenate dehydratase	arogenate dehydrogenase	Gene_or_Protein
AS	AS	Gene_or_Protein
ascorbate oxidase	Ascorbate oxidase	Gene_or_Protein
ascorbate peroxidase	Ascorbate peroxidase	Gene_or_Protein
ASR4	ASR4	Gene_or_Protein
Ast1	StAst1	Gene_or_Protein
AtbZIP11	AtbZIP11	Gene_or_Protein
AtCBF	AtCBF	Gene_or_Protein
AtCYP86A1	AtCYP86A1	Gene_or_Protein
AtGGH	AtGGH1	Gene_or_Protein
AtGGH	AtGGH2	Gene_or_Protein
AtHXK1	AtHXK1	Gene_or_Protein
ATP adenosine 5'-phosphotransferase	ATP:adenosine 5'-phosphotransferase;	Gene_or_Protein
AtPTPKIS1	AtPTPKIS1	Gene_or_Protein
AtRD29A	AtRD29A	Gene_or_Protein
AtWhy1	AtWhy1	Gene_or_Protein
BCO1	BCO1	Gene_or_Protein
BCO2	BCO2	Gene_or_Protein
BE1	StBE1	Gene_or_Protein
BEL5	StBEL5	Gene_or_Protein
beta-carotene hydroxylase	b-carotene hydroxylase	Gene_or_Protein
beta-carotene hydroxylase	b-carotene hydroxylase 1	Gene_or_Protein
beta-carotene hydroxylase	b-carotene hydroxylase 2	Gene_or_Protein
beta-carotene hydroxylase	bch	Gene_or_Protein
beta-carotene hydroxylase	BCH1	Gene_or_Protein
beta-carotene hydroxylase	BCH2	Gene_or_Protein
beta-carotene hydroxylase	beta-carotene hydroxylase	Gene_or_Protein
beta-carotene hydroxylase	beta-carotene hydroxylase 1	Gene_or_Protein
beta-carotene hydroxylase	beta-carotene hydroxylase 2	Gene_or_Protein
beta-carotene hydroxylase	beta-carotene hydroxylases	Gene_or_Protein
beta-carotene hydroxylase	bhy	Gene_or_Protein
beta-carotene hydroxylase	-carotene hydroxylase 1	Gene_or_Protein
beta-carotene hydroxylase	-carotene hydroxylase 2	Gene_or_Protein
beta-carotene hydroxylase	β-carotene hydroxylase	Gene_or_Protein
beta-carotene hydroxylase	β-carotene hydroxylase 2	Gene_or_Protein
#NAME?
beta-carotene ketolase	beta-carotene ketolase	Gene_or_Protein
beta-Chy	b-Chy	Gene_or_Protein
beta-cyclase	beta-cyclase	Gene_or_Protein
beta-cyclase	β-cyclase	Gene_or_Protein
beta-glucuronidase	beta-glucuronidase	Gene_or_Protein
beta-Lcy	beta-Lcy	Gene_or_Protein
bHLH	bHLH	Gene_or_Protein
bHLH	bHLH1	Gene_or_Protein
BHLH1	StbHLH1	Gene_or_Protein
bHLH-WD40	bHLH-WD40	Gene_or_Protein
BPLI4F10TH	BPLI4F10TH	Gene_or_Protein
BRC1	BRC1	Gene_or_Protein
BRs	BRs	Gene_or_Protein
Bt-cry5	Bt-cry5	Gene_or_Protein
byMybSt1	byMybSt1	Gene_or_Protein
BZR1	BZR1	Gene_or_Protein
C-22 desaturase	C-22 desaturase	Gene_or_Protein
C-26 hydroxylase	C-26 hydroxylase	Gene_or_Protein
C4H	C4H	Gene_or_Protein
C57BL/6	C57BL/6	Gene_or_Protein
Ca2	Ca2	Gene_or_Protein
CAA54561	CAA54561	Gene_or_Protein
CaADIP1	CaADIP1	Gene_or_Protein
CaAIP1	CaAIP1	Gene_or_Protein
CaAIP1-overexpressing	CaAIP1-overexpressing	Gene_or_Protein
CaAMP1	CaAMP1	Gene_or_Protein
CaAMP1-overexpressing	CaAMP1-overexpressing	Gene_or_Protein
CaAP2	CaAP2	Gene_or_Protein
CaBZ1	CaBZ1	Gene_or_Protein
CAChi2	CAChi2	Gene_or_Protein
Ca-DREBLP1	Ca-DREBLP1	Gene_or_Protein
Ca-DSR2	Ca-DSR2	Gene_or_Protein
CaMSRB2	CaMSRB2	Gene_or_Protein
CaMV 35S	CaMV 35S	Gene_or_Protein
CaMV35S-ySpdSyn	CaMV35S-ySpdSyn	Gene_or_Protein
CAPRICE	CAPRICE	Gene_or_Protein
capsaicin	Capsaicin	Gene_or_Protein
capsanthin-capsorubin synthase	capsanthin-capsorubin synthase	Gene_or_Protein
capsanthin-capsorubin synthase	capsan-thin-capsorubin synthase	Gene_or_Protein
capsorubin synthase	capsorubin synthase	Gene_or_Protein
CaRAV1	CaRAV1	Gene_or_Protein
carbonic anhydrase	Carbonic anhydrase	Gene_or_Protein
carboxyl methyltransferase	carboxyl methyltransferase	Gene_or_Protein
CaRLP1	CaRLP1	Gene_or_Protein
carotene isomerase	carotene isomerase	Gene_or_Protein
carotenoid	carotenoid	Gene_or_Protein
carotenoid cleavage deoxygenase	carotenoid cleavage deoxygenase	Gene_or_Protein
carotenoid cleavage deoxygenase	carotenoid cleavage deoxygenases	Gene_or_Protein
carotenoid cleavage deoxygenase	carotenoid cleavage dioxygenase	Gene_or_Protein
carotenoid cleavage deoxygenase	carotenoid cleavage dioxygenase 1A	Gene_or_Protein
carotenoid cleavage deoxygenase	Carotenoid Cleavage Dioxygenase4	Gene_or_Protein
carotenoid cleavage deoxygenase	CAROTENOID CLEAVAGE DIOXYGENASE8	Gene_or_Protein
carotenoid cleavage deoxygenase	carotenoid cleavage dioxygenases	Gene_or_Protein
carotenoid cleavage deoxygenase	carotenoid cleavage dioxygena-ses	Gene_or_Protein
carotenoid cleavage deoxygenase	Carotenoid cleavage oxygenases	Gene_or_Protein
carotenoid hydroxylase	carotenoid hydroxylase 1	Gene_or_Protein
carotenoid hydroxylase	carotenoid hydroxylases	Gene_or_Protein
carotenoid isomerase	carotenoid isomerase	Gene_or_Protein
CaSRP1	CaSRP1	Gene_or_Protein
catabolite reductase	catabolite reductase	Gene_or_Protein
CAX	CAX	Gene_or_Protein
CBF	CBF	Gene_or_Protein
CBF1-3	CBF1-3	Gene_or_Protein
CCD	CCD	Gene_or_Protein
CCD	CCDs	Gene_or_Protein
CCD1A	CCD1A	Gene_or_Protein
CCD4	CCD4	Gene_or_Protein
CCD4	CCD4a	Gene_or_Protein
CCD4	CCD4was	Gene_or_Protein
CCD7	CCD7	Gene_or_Protein
CCD8	CCD8	Gene_or_Protein
CCO	CCOs	Gene_or_Protein
CCS	CCS	Gene_or_Protein
cd2	cd2	Gene_or_Protein
CDKA1	CDKA1	Gene_or_Protein
CDPK	CDPK	Gene_or_Protein
CDPK	StCDPK1	Gene_or_Protein
CDPK	StCDPK3	Gene_or_Protein
CEL7	CEL7	Gene_or_Protein
cellulose synthase	cellulose synthase	Gene_or_Protein
CFB	CFB	Gene_or_Protein
CGS	CGS	Gene_or_Protein
CgSDelta90	CgSDelta90	Gene_or_Protein
chalcone isomerase	chalcone isomerase	Gene_or_Protein
chalcone reductase	chalcone reductase	Gene_or_Protein
chalcone synthase	chalcone synthase	Gene_or_Protein
CHI	CHI	Gene_or_Protein
CHI	CHI1	Gene_or_Protein
CHI	Chi9	Gene_or_Protein
CHI	chi-a	Gene_or_Protein
CHLOROPHYLLASE	CHLOROPHYLLASE	Gene_or_Protein
chorismate mutase	chorismate mutase	Gene_or_Protein
chromatin	chromatin	Gene_or_Protein
CHS	CHS	Gene_or_Protein
CHS	Chs1	Gene_or_Protein
CHY	CHY	Gene_or_Protein
CHY	CHY1	Gene_or_Protein
CHY	CHY2	Gene_or_Protein
CHY	CHY2.3	Gene_or_Protein
cinnamate-4-hydroxylase	cinnamate-4-hydroxylase;	Gene_or_Protein
cinnamoyl-CoA reductase	cinnamoyl-CoA reductase	Gene_or_Protein
cis-prenyl diphosphate-utilizing	cis-prenyl diphosphate-utilizing	Gene_or_Protein
CKI-1	CKI-1	Gene_or_Protein
CLE	CLE	Gene_or_Protein
clv3-2	clv3-2	Gene_or_Protein
CM	CM	Gene_or_Protein
CmCCD4a	CmCCD4a	Gene_or_Protein
cobalamin-	cobalamin-	Gene_or_Protein
copal-8-ol diphosphate synthase	copal-8-ol diphosphate synthase	Gene_or_Protein
CPC	CPC	Gene_or_Protein
CPT2	CPT2	Gene_or_Protein
CRF	CRF	Gene_or_Protein
crtB	crtB	Gene_or_Protein
crtI	crtI	Gene_or_Protein
CrtISO	CrtISO	Gene_or_Protein
CrtR-b1	CrtR-b1	Gene_or_Protein
crtRB-2	crtRB-2	Gene_or_Protein
CrtR-b2	CrtR-b2	Gene_or_Protein
CrtY	CrtY	Gene_or_Protein
CrtZ-2	CrtZ-2	Gene_or_Protein
cry1	cry1	Gene_or_Protein
cry1Ba1	cry1Ba1	Gene_or_Protein
cry2	cry2	Gene_or_Protein
cry2Aa2	cry2Aa2	Gene_or_Protein
crylAc9	crylAc9	Gene_or_Protein
CsMYBF1	CsMYBF1	Gene_or_Protein
csr1	csr1	Gene_or_Protein
CTR1	CTR1	Gene_or_Protein
ctr1-1	ctr1-1	Gene_or_Protein
cutin	cutin	Gene_or_Protein
CYC-B	CYC-B	Gene_or_Protein
cyclase	cyclase	Gene_or_Protein
cyclin	cyclin	Gene_or_Protein
cyclin-C	cyclin-C	Gene_or_Protein
cyclinD1	cyclinD1	Gene_or_Protein
cyclin-dependent kinase	cyclin-dependent kinase	Gene_or_Protein
cyclodextrin glycosyltransferase	cyclodextrin glycosyltransferase	Gene_or_Protein
cyclophilin	cyclophilin	Gene_or_Protein
CYP707A1	CYP707A1	Gene_or_Protein
CYP710A1	CYP710A1	Gene_or_Protein
CYP71BN1	CYP71BN1.	Gene_or_Protein
CYP734A7	CYP734A7	Gene_or_Protein
CYP75A31	CYP75A31	Gene_or_Protein
cysE	cysE	Gene_or_Protein
cystathionine gamma-synthase	cystathionine gamma-synthase	Gene_or_Protein
cysteine protease	cysteine protease	Gene_or_Protein
cytochrome P450	cytochrome P450	Gene_or_Protein
cytokinin oxidase	cytokinin oxidase	Gene_or_Protein
cytophaga-flavobacteria-bacteroides	cytophaga-flavobacteria-bacteroides	Gene_or_Protein
cytosolic transglucosidase	cytosolic transglucosidase	Gene_or_Protein
DDB1	DDB1	Gene_or_Protein
dehydrogenase1	dehydrogenase1	Gene_or_Protein
Del	Del	Gene_or_Protein
deoxyhypusine synthase	deoxyhypusine synthase	Gene_or_Protein
deoxyxylulose 5-phosphate synthase	deoxyxylulose 5-phosphate synthase	Gene_or_Protein
DET1	DET1	Gene_or_Protein
Dgt	Dgt	Gene_or_Protein
DIAGEOTROPICA	DIAGEOTROPICA	Gene_or_Protein
dihydroflavonol 4-reductase	dihydroflavonol 4-reductase	Gene_or_Protein
DIHYDROFLAVONOL REDUCTASE	DIHYDROFLAVONOL REDUCTASE	Gene_or_Protein
diterpene synthase	diterpene synthase	Gene_or_Protein
diterpene synthase	diterpene synthases	Gene_or_Protein
dnaJ	dnaJ	Gene_or_Protein
dominantChy2	dominantChy2	Gene_or_Protein
DPE2	DPE2	Gene_or_Protein
DREB	DREB	Gene_or_Protein
DREB1	StDREB1	Gene_or_Protein
DXS	DXS	Gene_or_Protein
DXS	DXS1	Gene_or_Protein
DXS	DXS2	Gene_or_Protein
EBP1	EBP1	Gene_or_Protein
EBP1	StEBP1	Gene_or_Protein
EBP1	StEBP1/MICRO.127.C2	Gene_or_Protein
ED3h	ED3h	Gene_or_Protein
EH1	StEH1	Gene_or_Protein
EIN2	EIN2	Gene_or_Protein
epidermal	epidermal	Gene_or_Protein
epoxide hydrolase	epoxide hydrolase	Gene_or_Protein
epoxide hydrolase	epoxide hydrolase I	Gene_or_Protein
epoxide hydrolase	Epoxide hydrolases	Gene_or_Protein
EPR1	EPR1	Gene_or_Protein
epsilon-cyclase	epsilon-cyclase	Gene_or_Protein
epsilon-cyclase	ε-cyclase	Gene_or_Protein
eucaryotic	eucaryotic	Gene_or_Protein
exo-galactanase	exo-galactanase	Gene_or_Protein
expansin	expansin	Gene_or_Protein
expansin	LeEXP10	Gene_or_Protein
expansin	LeEXP4	Gene_or_Protein
expansin	LeEXP8	Gene_or_Protein
expansin	LeEXPA2	Gene_or_Protein
f1-v	f1-v	Gene_or_Protein
F3H	F3H	Gene_or_Protein
F5H	F5H	Gene_or_Protein
ferulate 5-hydroxylase	ferulate 5-hydroxylase	Gene_or_Protein
ferulate 5-hydroxylase	ferulate 5-hydroxylase;	Gene_or_Protein
fibrillin	fibrillin	Gene_or_Protein
flavanone-3'5'-hydroxylase	flavanone-3'5'-hydroxylase	Gene_or_Protein
flavonoid	flavonoid	Gene_or_Protein
flavonoid-3',5'-hydroxylase	flavonoid-3',5'-hydroxylase	Gene_or_Protein
flavonoid-3-hydroxylase	FLAVONOID 3-HYDROXYLASE	Gene_or_Protein
flavonoid-3-hydroxylase	flavonoid-3′-hydroxylase;	Gene_or_Protein
flavonol synthase	flavonol synthase	Gene_or_Protein
flavonone-3-hydroxylase	Flavonone-3-hydroxylase	Gene_or_Protein
flavonone-3-hydroxylase	flavonone-3-hydroxylase;	Gene_or_Protein
flavoproteinmonooxygenase	flavoproteinmonooxygenase	Gene_or_Protein
FLS	FLS	Gene_or_Protein
FLS	FLS2	Gene_or_Protein
formate dehydrogenase	FDH	Gene_or_Protein
formate dehydrogenase	FDH;	Gene_or_Protein
formate dehydrogenase	Formate dehydrogenase	Gene_or_Protein
FoxO1	FoxO1	Gene_or_Protein
Frk2	Frk2	Gene_or_Protein
G6P	G6P	Gene_or_Protein
G6PDH	G6PDH	Gene_or_Protein
GA2	STGA2	Gene_or_Protein
GA2	StGA2ox1	Gene_or_Protein
GA20	GA20	Gene_or_Protein
GA3	GA3	Gene_or_Protein
GA3	StGA3ox	Gene_or_Protein
GA3	StGA3ox2	Gene_or_Protein
GA3ox1	GA3ox1	Gene_or_Protein
galactono-1,4-lactone dehydrogenase	galactono-1,4-lactone dehydrogenase	Gene_or_Protein
GB2	STGB2	Gene_or_Protein
GBSS	GBSS	Gene_or_Protein
GBSS	GBSSI	Gene_or_Protein
GCPE	GCPE	Gene_or_Protein
GDP-d-mannose 3,5-epimerase	GDP-d-mannose 3,5-epimerase	Gene_or_Protein
geranylgeranyl diphosphate synthase	geranylgeranyl diphosphate	Gene_or_Protein
geranylgeranyl diphosphate synthase	geranylgeranyl diphosphate synthase	Gene_or_Protein
geranylgeranyl pyrophosphate synthase	geranylgeranyl pyrophosphate synthase	Gene_or_Protein
geranylgeranyl pyrophosphate synthase	GGPP	Gene_or_Protein
GFG	GFG	Gene_or_Protein
GGDR	GGDR	Gene_or_Protein
GGH	GGH	Gene_or_Protein
GGP	GGP	Gene_or_Protein
GH13 -amylase	GH13 -amylase	Gene_or_Protein
GH3	GH3	Gene_or_Protein
gib-1	gib-1	Gene_or_Protein
gibberellin	gibberellin	Gene_or_Protein
GL3	:GL3	Gene_or_Protein
GL3	GL3	Gene_or_Protein
Glc-6P mg-1	Glc-6P mg-1	Gene_or_Protein
GLDH	GLDH	Gene_or_Protein
GLK2	GLK2	Gene_or_Protein
GLS	GLS	Gene_or_Protein
glucose isomerase	glucose isomerase	Gene_or_Protein
glucose oxidase	glucose oxidase	Gene_or_Protein
glucose-1-phosphate	glucose-1-phosphate	Gene_or_Protein
glucose-1-phosphate adenylyltransferase	EC2.7.7.27	Gene_or_Protein
glutamine synthetase	glutamine synthetase	Gene_or_Protein
glutathione peroxidase	glutathione peroxidase	Gene_or_Protein
glutathione reductase	glutathione reductase	Gene_or_Protein
glutathione synthetase	glutathione synthetase	Gene_or_Protein
glutathione transferase	Glutathione transferase	Gene_or_Protein
glycerol-3-phosphate acyltransferase	glycerol-3-phosphate acyltransferase	Gene_or_Protein
glycine-rich	glycine-rich	Gene_or_Protein
glycogen	glycogen	Gene_or_Protein
GPAT	GPAT	Gene_or_Protein
GR24	GR24	Gene_or_Protein
GS1	GS1	Gene_or_Protein
GS1	Stgs1b	Gene_or_Protein
GS52	GS52	Gene_or_Protein
GSL2	GSL2	Gene_or_Protein
GST	GST	Gene_or_Protein
GST	GST1	Gene_or_Protein
GST	GST2	Gene_or_Protein
GST	GST3	Gene_or_Protein
GUS	constructs.TheGUSactiv-ity	Gene_or_Protein
GUS	GUS	Gene_or_Protein
H	′H	Gene_or_Protein
H2O2	H2O2	Gene_or_Protein
H99	H99	Gene_or_Protein
HCT	HCT	Gene_or_Protein
HDR	HDR	Gene_or_Protein
HEL	hevein-like	Gene_or_Protein
homogentisate phytyltransferase	Homogentisate phytyltransferase	Gene_or_Protein
homogentisate phytyltransferase	HPT	Gene_or_Protein
homologs	homologs	Gene_or_Protein
HP-2	HP-2	Gene_or_Protein
hp3	hp3	Gene_or_Protein
HQT	HQT	Gene_or_Protein
HRE	StHRE	Gene_or_Protein
HS18	HS18	Gene_or_Protein
HvBRI1	HvBRI1	Gene_or_Protein
hydroxycinnamoyl-CoA quinate hydroxycinnamoyl transferase	hydroxycinnamoyl-CoA quinate hydroxycinnamoyl transferase	Gene_or_Protein
hydroxycinnamoyl-CoA shikimate hydroxycinnamoyl transferase	hydroxycinnamoyl-CoA:shikimate hydroxycinnamoyl transferase	Gene_or_Protein
hydroxylase	hydroxylase	Gene_or_Protein
hydroxymethylbutenyl diphosphate reductase	hydroxymethylbutenyl diphosphate reductase	Gene_or_Protein
hydroxymethylbutenyl diphosphate synthase	hydroxymethylbutenyl diphosphate synthase	Gene_or_Protein
I	I	Gene_or_Protein
IAA	StIAA	Gene_or_Protein
IAA	StIAA2	Gene_or_Protein
INSENSITIVE3/VIVIPAROUS1	INSENSITIVE3/VIVIPAROUS1	Gene_or_Protein
invertase	invertase	Gene_or_Protein
InvInh2B	StInvInh2B	Gene_or_Protein
Iox	Iox	Gene_or_Protein
IPT	IPT	Gene_or_Protein
iron hydroxylases	iron hydroxylases	Gene_or_Protein
isoamylase isoform	Stisa2	Gene_or_Protein
isoamylase isoform	Stisa3	Gene_or_Protein
isopentenyl pyrophosphate isomerase	isopentenyl pyrophosphate isomerase	Gene_or_Protein
JAF13	JAF13	Gene_or_Protein
JAF13a	StJAF13a	Gene_or_Protein
jai1-1	jai1-1	Gene_or_Protein
JERF1	JERF1	Gene_or_Protein
JMT	JMT	Gene_or_Protein
kinase	kinase	Gene_or_Protein
kinase	kinase-1	Gene_or_Protein
L-2	L-2	Gene_or_Protein
LAP	LAP	Gene_or_Protein
LAP	LAP-A	Gene_or_Protein
LC_X	LC_X	Gene_or_Protein
LCY-b	LCY-b	Gene_or_Protein
Lcye	Lcye	Gene_or_Protein
LCY-e	LCY-e	Gene_or_Protein
LeACS2	LeACS2	Gene_or_Protein
LEalpha-DOX1	LEalpha-DOX1	Gene_or_Protein
LebZIP1	LebZIP1	Gene_or_Protein
LeCBF1	LeCBF1	Gene_or_Protein
LeCCD1	LeCCD1	Gene_or_Protein
LeCOP1LIKE	LeCOP1LIKE	Gene_or_Protein
LeCYP1	LeCYP1	Gene_or_Protein
LeDDB1	LeDDB1	Gene_or_Protein
LeDGK1	LeDGK1	Gene_or_Protein
LeEXT	LeEXT	Gene_or_Protein
LeFrk3	LeFrk3	Gene_or_Protein
Lefsm1	Lefsm1	Gene_or_Protein
LeGSTU2	LeGSTU2	Gene_or_Protein
LeIMP-2	LeIMP-2	Gene_or_Protein
LeNCED1	LeNCED1	Gene_or_Protein
LePCS1	LePCS1	Gene_or_Protein
LePS2	LePS2	Gene_or_Protein
LePT4	LePT4	Gene_or_Protein
LeSNF4	LeSNF4	Gene_or_Protein
leucine aminopeptidase	leucine aminopeptidase	Gene_or_Protein
leucine-rich	leucine-rich	Gene_or_Protein
leucoanthocyanidin dioxygenase	leucoanthocyanidin dioxygenase	Gene_or_Protein
LeZEP	LeZE	Gene_or_Protein
LeZEP	LeZEP1	Gene_or_Protein
Lin5	Lin5	Gene_or_Protein
LIN6	LIN6	Gene_or_Protein
LIN6 invertase	LIN6 invertase	Gene_or_Protein
lipocalin	lipocalin	Gene_or_Protein
lipoxygenase	lipoxygenase	Gene_or_Protein
LM1	LM1	Gene_or_Protein
LOX	Tuber-LOX;	Gene_or_Protein
LS1	ST-LS1	Gene_or_Protein
lutein	LUT1	Gene_or_Protein
lutein	LUT5	Gene_or_Protein
lycopene	lycopene	Gene_or_Protein
lycopene b-cyclase	LYC-b	Gene_or_Protein
lycopene b-cyclase	Lycb-1	Gene_or_Protein
lycopene b-cyclase	lycopene beta-cyclase	Gene_or_Protein
lycopene b-cyclase	lycopene -cyclase	Gene_or_Protein
lycopene e-cyclase	lycopene epsilon-cyclase	Gene_or_Protein
lycopene b-cyclase	lycopene β-cyclases	Gene_or_Protein
lycopene b-cyclase	lyopene b-cyclase	Gene_or_Protein
lycopene cyclase	lycopene cyclase	Gene_or_Protein
lycopene e-cyclase	lycopene e-cyclase	Gene_or_Protein
lycopene e-cyclase	lycopene epsilon cyclase	Gene_or_Protein
lysine-rich	lysine-rich	Gene_or_Protein
MaAmyA	MaAmyA	Gene_or_Protein
MAPK	MAPK	Gene_or_Protein
MDHAR	MDHAR	Gene_or_Protein
MdoMYB121	MdoMYB121	Gene_or_Protein
MDR-1	MDR-1	Gene_or_Protein
MdVHP1	MdVHP1	Gene_or_Protein
Meloidogyne	Meloidogyne	Gene_or_Protein
methionine synthase	methionine synthase	Gene_or_Protein
MhGLB1	MhGLB1	Gene_or_Protein
MhSnRK1	MhSnRK1	Gene_or_Protein
MICRO.127.C1	MICRO.127.C1	Gene_or_Protein
MICRO.127.C2	MICRO.127.C2	Gene_or_Protein
MICRO.127.C3	MICRO.127.C3	Gene_or_Protein
MICRO.127.C4	MICRO.127.C4	Gene_or_Protein
micro.17361.c1	micro.17361.c1	Gene_or_Protein
micro.187.c2	micro.187.c2	Gene_or_Protein
MICRO.4497.C3	MICRO.4497.C3	Gene_or_Protein
miR165/166	miR165/166	Gene_or_Protein
miraculin	miraculin	Gene_or_Protein
monodehydroascorbate reductase	monodehydroascorbate reductase	Gene_or_Protein
monooxygenase	monooxygenase	Gene_or_Protein
MS1	StMS1	Gene_or_Protein
Mtf1	StMtf1	Gene_or_Protein
MYB	MYB	Gene_or_Protein
MYB	MYB10	Gene_or_Protein
MYB	MYB73	Gene_or_Protein
MYB	MYB-related	Gene_or_Protein
MYB113	StMYB113	Gene_or_Protein
MYB113	StMYB113-3	Gene_or_Protein
MYBA1	StMYBA1	Gene_or_Protein
myo-inositol monophosphatase	myo-inositol monophosphatase	Gene_or_Protein
NAC-like	NAC-like	Gene_or_Protein
NB-LRR resistance	NB-LRR resistance	Gene_or_Protein
neoxanthin epoxidase	neoxanthin epoxidase	Gene_or_Protein
neoxanthin synthase	neoxanthin synthase	Gene_or_Protein
neryneryl diphosphate synthase	neryneryl diphosphate synthase	Gene_or_Protein
Nt-ABS	Nt-ABS	Gene_or_Protein
Nt-CPS2	Nt-CPS2	Gene_or_Protein
NtER1	NtER1	Gene_or_Protein
NXD1	NXD1	Gene_or_Protein
NXS	NXS	Gene_or_Protein
ODC	ODC	Gene_or_Protein
Or	Or	Gene_or_Protein
orCCD8	orCCD8	Gene_or_Protein
ornithine decarboxylase	ornithine decarboxylase	Gene_or_Protein
oxygenase	oxygenase	Gene_or_Protein
oxygenase activase	oxygenase activase	Gene_or_Protein
P	P	Gene_or_Protein
p19	p19	Gene_or_Protein
PAD4	StPAD4	Gene_or_Protein
PAL	PAL	Gene_or_Protein
Pat2	Pat2	Gene_or_Protein
pat3-k1	pat3-k1	Gene_or_Protein
patatin	patatin	Gene_or_Protein
PbSUT2	PbSUT2	Gene_or_Protein
PDH	PDH	Gene_or_Protein
PDS	PDS	Gene_or_Protein
pectin methyl esterase	pectin methyl esterase	Gene_or_Protein
PepTLP	PepTLP	Gene_or_Protein
PEROXIDASE2	PEROXIDASE2	Gene_or_Protein
Pf	Pf	Gene_or_Protein
PGA	PGA1	Gene_or_Protein
PGA	PGA2	Gene_or_Protein
phenyl ammonium lyase	phenyl ammonium lyase	Gene_or_Protein
phenylalanine ammonia lyase	phenylalanine ammonia lyase	Gene_or_Protein
phenylalanine ammonia lyase	phenylalanine ammonia-lyase	Gene_or_Protein
pho1	pho1	Gene_or_Protein
pho1	Pho1a	Gene_or_Protein
PHT	PHT	Gene_or_Protein
phyB1	phyB1	Gene_or_Protein
phytochelatin synthase	phytochelatin synthase	Gene_or_Protein
phytoene desaturase	phytoene desaturase	Gene_or_Protein
phytoene desaturase	phy-toene desaturase	Gene_or_Protein
phytoene synthase	Pat:CrtB	Gene_or_Protein
phytoene synthase	Phytoene synthase	Gene_or_Protein
PI-1	PI-1	Gene_or_Protein
Pin2	Pin2	Gene_or_Protein
PINII	PINII	Gene_or_Protein
plastidic phosphoglucomutase	plastidic phosphoglucomutase	Gene_or_Protein
PME	StPME	Gene_or_Protein
polyphenol oxidase	polyphenol oxidase	Gene_or_Protein
polyphenol oxidase	Polyphenol oxidases	Gene_or_Protein
POT32	POT32	Gene_or_Protein
POT32	POT32PS1	Gene_or_Protein
POT33	POT33	Gene_or_Protein
POTH1	POTH1	Gene_or_Protein
POTM1	POTM1	Gene_or_Protein
POTM1	POTM1-1	Gene_or_Protein
POTP1	POTP1	Gene_or_Protein
POTP2	POTP2	Gene_or_Protein
PP2Ac	PP2Ac	Gene_or_Protein
PP2As	PP2As	Gene_or_Protein
PPCAS07TH	PPCAS07TH	Gene_or_Protein
PPI1	StPPI1	Gene_or_Protein
PPI2C4	PPI2C4	Gene_or_Protein
PPI3B2	PPI3B2	Gene_or_Protein
PPO	PPO	Gene_or_Protein
PPO	PPO1	Gene_or_Protein
PPO	PPO2	Gene_or_Protein
PPO	PPO3	Gene_or_Protein
PPO	PPOs	Gene_or_Protein
PR1	PR1	Gene_or_Protein
PR1	PR-1	Gene_or_Protein
prenyltransferase	prenyltransferase	Gene_or_Protein
prephenate dehydratase	prephenate dehydratase	Gene_or_Protein
PrSus1	PrSus1	Gene_or_Protein
psy	psy	Gene_or_Protein
psy	psy1	Gene_or_Protein
psy	Psy-1	Gene_or_Protein
psy	PSY2	Gene_or_Protein
PTB6	StPTB6	Gene_or_Protein
PTOX	PTOX	Gene_or_Protein
Pun1	Pun1	Gene_or_Protein
putrescine N-hydroxycinnamoyl transferase	putrescine N-hydroxycinnamoyl transferase	Gene_or_Protein
PW9-2-5	PW9-2-5	Gene_or_Protein
PYP1	PYP1	Gene_or_Protein
R	R	Gene_or_Protein
R2R3-MYB	R2R3MYB	Gene_or_Protein
R2R3-MYB	R2R3-MYB	Gene_or_Protein
Ram1	Ram1	Gene_or_Protein
RBOH1	RBOH1	Gene_or_Protein
RCCR	RCCR	Gene_or_Protein
recessiveZEP	recessiveZEP	Gene_or_Protein
Rg1	Rg1	Gene_or_Protein
ribulose-bisphosphate carboxylase	ribulose-1,5-bisphosphate carboxylase	Gene_or_Protein
ribulose-bisphosphate carboxylase	ribulose-bisphosphate carboxylase	Gene_or_Protein
ripening	ripening	Gene_or_Protein
root	root	Gene_or_Protein
root	root-	Gene_or_Protein
root-knot nematode	root-knot nematode	Gene_or_Protein
root-knot nematode	root-knot nematodes	Gene_or_Protein
root-localized	root-localized	Gene_or_Protein
Root-LOX;	Root-LOX;	Gene_or_Protein
Ros1	Ros1	Gene_or_Protein
SANT/MYB	SANT/MYB	Gene_or_Protein
SbSnRK1	SbSnRK1	Gene_or_Protein
sesquiterpene synthase	sesquiterpene synthase	Gene_or_Protein
SGT	SGT1	Gene_or_Protein
SGT	Sgt2	Gene_or_Protein
SGT	SGT3	Gene_or_Protein
Sho	Sho	Gene_or_Protein
SIRT1	SIRT1	Gene_or_Protein
ABI3-F	SlABI3-F	Gene_or_Protein
AN2	SlAN2	Gene_or_Protein
CCD1	SlCCD1	Gene_or_Protein
CCD1	SlCCD1A	Gene_or_Protein
CCD1	SlCCD1B	Gene_or_Protein
CCD1	SlCCD7	Gene_or_Protein
CCD1	SlCCD8	Gene_or_Protein
CHR1	SlCHR1	Gene_or_Protein
EIL1	Sl-EIL1	Gene_or_Protein
etr1	Sletr1-1	Gene_or_Protein
etr1	Sletr1-2	Gene_or_Protein
Slexp1-7_Q213Stop	Slexp1-7_Q213Stop	Gene_or_Protein
HsfA3	SlHsfA3	Gene_or_Protein
HUB	SlHUB1	Gene_or_Protein
HUB	SlHUB2	Gene_or_Protein
MED21	SlMED21	Gene_or_Protein
NAC3	SlNAC3	Gene_or_Protein
NCED1	SlNCED1	Gene_or_Protein
PP2C	SlPP2C2	Gene_or_Protein
PP2C	SlPP2C3	Gene_or_Protein
PSY1	SlPSY1	Gene_or_Protein
PYL	SlPYL1	Gene_or_Protein
PYL	SlPYL2	Gene_or_Protein
PYL	SlPYL8	Gene_or_Protein
SnRK2	SlSnRK2.4	Gene_or_Protein
SnRK2	SlSnRK2.5	Gene_or_Protein
SnRK2	SlSnRK2.6	Gene_or_Protein
TPR1	SlTPR1	Gene_or_Protein
UPB1	SlUPB1	Gene_or_Protein
ZEP	SlZEP1	Gene_or_Protein
ZFP	SlZFP2	Gene_or_Protein
SN1	SN1	Gene_or_Protein
Snf2	Snf2	Gene_or_Protein
SnRK1	SnRK1	Gene_or_Protein
Solly	Solly;	Gene_or_Protein
SoSUT1	SoSUT1	Gene_or_Protein
SP6A	StSP6A	Gene_or_Protein
spermidine synthase	spermidine synthase	Gene_or_Protein
spr2	spr2	Gene_or_Protein
SSR2	SSR2	Gene_or_Protein
ABF1	StABF1	Gene_or_Protein
starch	Starch	Gene_or_Protein
starch phosphorylase	Starch phosphorylase	Gene_or_Protein
starch synthase	starch synthase	Gene_or_Protein
starch synthase	starch synthase I	Gene_or_Protein
stilbene synthase	stilbene synthase	Gene_or_Protein
STMET49	STMET49	Gene_or_Protein
STMGQ82	STMGQ82	Gene_or_Protein
STMHT55	STMHT55	Gene_or_Protein
STMIG86	STMIG86	Gene_or_Protein
sucrose	Sucrose	Gene_or_Protein
sucrose hydrolysis	sucrose hydrolysis	Gene_or_Protein
Sucrose isomerase	Sucrose isomerase	Gene_or_Protein
sucrose non-fermenting-1-related	sucrose non-fermenting-1-related	Gene_or_Protein
sucrose synthase	sucrose synthase	Gene_or_Protein
sucrose transporter	StSUT1	Gene_or_Protein
sucrose transporter	StSUT4	Gene_or_Protein
sucrose transporter	sucrose transporter	Gene_or_Protein
sucrose-related protein	sucrose-related	Gene_or_Protein
sulfoxide reductase	sulfoxide reductase	Gene_or_Protein
superoxide dismutase	superoxide dismutase	Gene_or_Protein
Sus	Sus	Gene_or_Protein
Sus	Sus4	Gene_or_Protein
Sus	Sus4-16	Gene_or_Protein
Sus	SuSy	Gene_or_Protein
Sus	SUSY1	Gene_or_Protein
Sus	SUSY4	Gene_or_Protein
SUT1	SUT1	Gene_or_Protein
SUT1	SUT2	Gene_or_Protein
SXD1	StSXD1	Gene_or_Protein
SXD1	SXD1	Gene_or_Protein
syntaxin-related1	SYNTAXIN-RELATED1	Gene_or_Protein
synthase	synthase	Gene_or_Protein
SYR1	StSYR1	Gene_or_Protein
T6P synthase	T6P synthase	Gene_or_Protein
TAGL1	TAGL1	Gene_or_Protein
TAS14	tas14	Gene_or_Protein
TERF1	TERF1	Gene_or_Protein
terpene synthase	terpene synthase	Gene_or_Protein
TFL1	tfl1	Gene_or_Protein
thermospermine synthase	thermospermine synthase	Gene_or_Protein
threonine synthase	threonine synthase	Gene_or_Protein
tlcy-b	tlcy-b	Gene_or_Protein
TLRP	StTLRP	Gene_or_Protein
TLRP	TLRP	Gene_or_Protein
TM858	STTM858	Gene_or_Protein
tms1	tms1	Gene_or_Protein
Tocopherol cyclase	Tocopherol cyclase	Gene_or_Protein
TOMSSF	TOMSSF	Gene_or_Protein
tos1	tos1	Gene_or_Protein
TPS	TPS	Gene_or_Protein
TPS	TPS11	Gene_or_Protein
TPS	TPS46	Gene_or_Protein
TS	TS	Gene_or_Protein
tss2	tss2	Gene_or_Protein
tubulin	tubulin	Gene_or_Protein
tyramine hydroxycinnamoyl transferase	tyramine hydroxycinnamoyl transferase	Gene_or_Protein
tyrosine decarboxylase	tyrosine decarboxylase	Gene_or_Protein
Ubi7	Ubi7	Gene_or_Protein
UCP	StUCP	Gene_or_Protein
UDP	UDP	Gene_or_Protein
UDP	UDP-Glc:protein transglucosylase	Gene_or_Protein
UDP	UDP-glucose 3-O-flavonoid glucosyltransferase	Gene_or_Protein
UFD	UFD	Gene_or_Protein
UGE	UGE	Gene_or_Protein
UPTG	UPTG	Gene_or_Protein
Uridine diphosphate	Uridine diphosphate	Gene_or_Protein
UV	UV	Gene_or_Protein
vacINV1	StvacINV1	Gene_or_Protein
VDE	VDE	Gene_or_Protein
VHP	VHP	Gene_or_Protein
VIN1	VIN1	Gene_or_Protein
violaxanthin de-epoxidase	violaxanthin de-epoxidase	Gene_or_Protein
VTE5	VTE5	Gene_or_Protein
WD40	WD40	Gene_or_Protein
WEE1	WEE1	Gene_or_Protein
WEE1 kinase	WEE1 kinase	Gene_or_Protein
Why1	StWhy1	Gene_or_Protein
WRI1	WRI1	Gene_or_Protein
xanthine oxidase	xanthine oxidase	Gene_or_Protein
XET	XET	Gene_or_Protein
Y	Y	Gene_or_Protein
yft1	yft1	Gene_or_Protein
ZBF1	ZBF1/MYC2bHLH	Gene_or_Protein
zds	zds	Gene_or_Protein
zeaxanthin epoxidase	ZE	Gene_or_Protein
zeaxanthin epoxidase	zeaxanthin epoxidase	Gene_or_Protein
zeaxanthin epoxidase	zeaxanthin epoxi-dase	Gene_or_Protein
zeaxanthin epoxidase	zeaxanthin epox-idase	Gene_or_Protein
zeaxanthin epoxidase	ZEP	Gene_or_Protein
zeaxanthin epoxidase	Zep1	Gene_or_Protein
zeta-carotene	zeta-carotene	Gene_or_Protein
zeta-carotene	zeta-carotene desaturase	Gene_or_Protein
zinc-finger	zinc-finger	Gene_or_Protein
Z-ISO	Z-ISO	Gene_or_Protein
ZmP5CS2	ZmP5CS2	Gene_or_Protein
ZPT2-10	ZPT2-10	Gene_or_Protein
1,25-dihydroxyvitamin D3	1,25-dihydroxyvitamin D3	Metabolite
12-hydroxy epijasmonic acid	12-hydroxy epi-jasmonic acid	Metabolite
12-oxophytodienoic acid	12-oxophytodienoic acid	Metabolite
13-hydroperoxylinolenic acid	13-hydroperoxylinolenic acid	Metabolite
18-hydroxyoleic acid	18-hydroxyoleic acid	Metabolite
1-aminocyclopropane-1-carboxylic acid	1-aminocyclopropane-1-carboxylic acid	Metabolite
1-naphthylphthalamic acid	1-naphthylphthalamic acid	Metabolite
2,4-dichlorophenoxyacetic acid	2,4-dichlorophenoxyacetic acid	Metabolite
2-butenedioic acid	2-butenedioic acid	Metabolite
2-methylpropanoic acid	2-methylpropanoic acid	Metabolite
3,5-diglucosides	3,5-digluco-sides	Metabolite
3-dehydro-6-deoxoteasterone	3-dehydro-6-deoxoteasterone	Metabolite
3-hydroxy beta-ionone	3-hydroxy b-ionone	Metabolite
3-methylbutanoic acid	3-methylbutanoic acid	Metabolite
3-phosphoglyceric acid	3-phosphoglyceric acid	Metabolite
3-phosphoglyceric acid	3-phosphogyceric acid	Metabolite
4-diaminobutyric acid aminotransferase	4-diaminobutyric acid aminotransferase	Metabolite
5-caffeoylquinic acid	5-caffeoylquinic acids	Metabolite
5-caffeoylquinic acid	5-caVeoyl quinic acid	Metabolite
6-benzyladenine	6-benzyladenine	Metabolite
6-deoxotyphasterol	6-deoxotyphasterol	Metabolite
9-cis-epoxycarotenoids	9-cis-epoxycarotenoids	Metabolite
9-cis-neoxanthin	9#-cis-neoxanthin	Metabolite
9-cis-violaxanthin	9-cis-violaxanthin	Metabolite
9-oxo-ODA	9-oxo-ODA	Metabolite
A	A	Metabolite
ABA	ABA	Metabolite
ABA-dependent	ABA-dependent	Metabolite
ABA-GA	ABA-GA	Metabolite
ABA-hyposensitive	ABA-hyposensitive	Metabolite
ABA-overproducer	ABA-overproducer	Metabolite
abscisic acid	abscisic acid	Metabolite
abscisic acid	Abscissic acid	Metabolite
ACC	ACC	Metabolite
acidic lumen	acidic lumen	Metabolite
ACY	ACY	Metabolite
AIB	AIB	Metabolite
aliphatic	aliphatic	Metabolite
alpha-carotene	a-carotene	Metabolite
alpha-carotene	alpha-carotene	Metabolite
alpha-chaconine	a-chaconine	Metabolite
alpha-solanine	a-solanine	Metabolite
alpha-tocopherol	a-tocopherol	Metabolite
anacardic acid	anacardic acid	Metabolite
antheraxanthin	antheraxanthin	Metabolite
antheraxanthin	antherax-anthin	Metabolite
antheraxanthin	anther-axanthin	Metabolite
anthocyanidin	anthocyanidins	Metabolite
anthocyanin	anthocyanin	Metabolite
anthocyanin	anthocyanin-	Metabolite
anthocyanin	anthocyanins	Metabolite
anthocyanin glycosides	anthocyanin glycosides	Metabolite
anthocyanin-linked hydroxycinnamic acids	anthocyanin-linked hydroxycinnamic acids	Metabolite
apigenin	apigenin	Metabolite
apocarotenoid	apocarotenoid	Metabolite
apocarotenoid	apocarotenoids	Metabolite
ascorbate	ascorbate	Metabolite
ascorbic acid	ascorbic acid	Metabolite
astaxanthin	astaxanthin	Metabolite
attenuate	attenuate	Metabolite
beta-carotene	b-carotene	Metabolite
beta-carotene	beta-carotene	Metabolite
beta-carotene	β-carotene	Metabolite
beta-cryptoxanthin	b-cryptox-anthin	Metabolite
beta-ionone	b-ionone	Metabolite
CA	CA	Metabolite
caffeic acid	caffeic	Metabolite
caffeic acid	caffeic acid	Metabolite
caffeic acid	caffeic acids	Metabolite
caffeoyl	caffeoyl	Metabolite
caffeoylquinic acid	caffeoylquinic acid	Metabolite
caffeoylquinic acid	caVeoyl quinic acid	Metabolite
calmodulin	Calmodulin	Metabolite
capsaicinoids	capsaicinoids	Metabolite
capsanthin	capsanthin	Metabolite
capsanthin-5,6-epoxide	capsanthin-5,6-epoxide	Metabolite
capsorubin	capsorubin	Metabolite
carboxylic acid	carboxylic acid	Metabolite
carotene	carotene	Metabolite
carotene	carotenes	Metabolite
#NAME?
carotenoid	carotenoid	Metabolite
carotenoid	carotenoids	Metabolite
carotenoid esters	carotenoid esters	Metabolite
cellulosic	cellulosic	Metabolite
CGA	CGA	Metabolite
chaconine	chaconine	Metabolite
chlorogenic acid	chlorogenic acid	Metabolite
chlorogenic acid	chlorogen-ic acid	Metabolite
chlorogenic acid	chlorogenic acids	Metabolite
chlorophyll	chlorophyll	Metabolite
chloroplastic compartments	chloroplastic compartments	Metabolite
cinnamic	cinnamic	Metabolite
cis-z-carotene	cis-z-carotene	Metabolite
copal-8-ol diphosphate	copal-8-ol diphosphate	Metabolite
cyanidin	cyanidin	Metabolite
cyclic carotenoids	cyclic carotenoids	Metabolite
cyclin	cyclin	Metabolite
cyclin-dependent	cyclin-dependent	Metabolite
cycloartanol	cycloartanol	Metabolite
cyclopentanone	cyclopentanone	Metabolite
cyclophilin A	cyclophilin A	Metabolite
cystathionine	cystathionine	Metabolite
cystathionine beta-lyase	cystathionine beta-lyase	Metabolite
cystathionine-gamma-synthase	cystathionine-gamma-synthase	Metabolite
cysteine	cysteine	Metabolite
cytokinin	cytokinin	Metabolite
cytokinin	cytokinins	Metabolite
cytokinin-activating	cytokinin-activating	Metabolite
cytosine	cytosine	Metabolite
delphinidin	delphinidin	Metabolite
delphinidin	delphinidinin	Metabolite
dicaffeoyltartaric acid	dicaffeoyltartaric acid	Metabolite
dihydrocapsaicin	dihydrocapsaicin	Metabolite
dihydrophaseic acid	dihydrophaseic acid	Metabolite
diols	diols	Metabolite
EAA	EAA	Metabolite
epoxidase	epoxidase	Metabolite
epoxides	epoxides	Metabolite
epoxycarotenoids	epoxycarotenoids	Metabolite
ester	ester	Metabolite
ethylene	ethylene	Metabolite
ferredoxin	ferredoxin	Metabolite
ferulic acid	ferulic acid	Metabolite
feruloyl	feruloyl	Metabolite
flagellin	flagellin	Metabolite
flavonoid	flavonoid	Metabolite
flavonoid	flavonoids	Metabolite
flavonol	flavonol	Metabolite
flavonol	flavonols	Metabolite
flavonone 3	flavonone 3	Metabolite
flavour	flavour	Metabolite
fructose	fructose	Metabolite
fusaric acid	fusaric acid	Metabolite
GA	GA	Metabolite
GABA	GABA	Metabolite
galactosyl	galactosyl	Metabolite
gallic acid	Gallic acid	Metabolite
geranylacetone	geranylacetone	Metabolite
geranylgeranyl diphosphate	geranylgeranyl diphosphate	Metabolite
geranylgeranyl diphosphate	geranylger-anyl diphosphate	Metabolite
gibberellic acid	gibberellic acid	Metabolite
gibberellin	gibberellin	Metabolite
glucopyranose	glucopyranose	Metabolite
glucose	glucose	Metabolite
glucose-1-phosphate	glucose-1-phosphate	Metabolite
glutathione	glutathione	Metabolite
glutelin	glutelin	Metabolite
glycinebetaine	glycinebetaine	Metabolite
glycoalkaloid	glycoalkaloid	Metabolite
glycoalkaloid	glycoalkaloids	Metabolite
glycolytic	glycolytic	Metabolite
glycosides	glycosides	Metabolite
glycosides of anthocyanidins	glycosides of anthocya-nidins	Metabolite
hydroxycinnamic acid	hydroxycinnamic acid	Metabolite
hydroxycinnamic acid	hydroxycinnamic acids	Metabolite
hydroxyproline	hydroxyproline	Metabolite
IAA	IAA	Metabolite
indole-3-pyruvic acid	indole-3-pyruvic acid	Metabolite
intestine	intestine	Metabolite
IPA	IPA	Metabolite
isoleucine	isoleucine	Metabolite
isoprenoids	isoprenoids	Metabolite
jasmonates	jasmonates	Metabolite
jasmonic acid	jasmonic acid	Metabolite
kanamycin	kanamycin	Metabolite
ketocarotenoid astaxanthin	ketocarotenoid astaxanthin	Metabolite
ketocarotenoid astaxanthin	ketocarotenoid astaxan-thin	Metabolite
L-2,4-diaminobutyric acid	L-2,4-diaminobutyric acid	Metabolite
l-Ascorbic acid	l-Ascorbic acid	Metabolite
LCY-b pathway carotenoids	LCY-b pathway carotenoids	Metabolite
linoleic acid	linoleic acid	Metabolite
lipoic acid	lipoic acid	Metabolite
L-phenylalanine	L-phenylalanine	Metabolite
L-tyrosine	l-tyrosine	Metabolite
lutein	lutein	Metabolite
lutein	luteinmuch	Metabolite
lutein-5,6-epoxide	lutein-5, 6-epoxide	Metabolite
lutein-5,6-epoxide	lutein-5,6-epoxide	Metabolite
luteolin	luteolin	Metabolite
lycopene	lycopene	Metabolite
lycopene-e-cyclase	lycopene ε-cyclase	Metabolite
lycopene-e-cyclase	lycopene-e-cyclase	Metabolite
lycopene-to-provitamin A	lycopene-to-provitamin A	Metabolite
lysine	lysine	Metabolite
malic acid	malic acid	Metabolite
malonyldialdehyde	malonyldialdehyde	Metabolite
maltose	maltose	Metabolite
malvidin	malvidin	Metabolite
malvidin-3-p-coumaroylrutinoside-5-glucoside	malvidin-3-p-coumaroylrutinoside-5-glucoside	Metabolite
methionine	methionine	Metabolite
methyl jasmonate	methyl jasmonate	Metabolite
MMA	MMA	Metabolite
monodehydroascorbate	monodehydroascorbate	Metabolite
monomethylarsonic acid	monomethylarsonic acid	Metabolite
neochlorogenic acid	neochlorogenic acid	Metabolite
neoxanthin	neoxanthin	Metabolite
neoxanthin A	neoxanthin A	Metabolite
nonepoxides	nonepoxides	Metabolite
Nordihydroguaiaretic acid	Nordihydroguaiaretic acid	Metabolite
norflurazon	norflurazon	Metabolite
NPA	NPA	Metabolite
nucleic acid	nucleic acid	Metabolite
nucleoside diphosphate	nucleoside diphosphate	Metabolite
octadecadienoic acid	octadecadienoic acid	Metabolite
palatinose	palatinose	Metabolite
p-coumaric	p-coumaric	Metabolite
pelargonidin	pelargonidin	Metabolite
peonidin	peonidin	Metabolite
petunidin	petunidin	Metabolite
petunidin-3-p-coumaroylrutinoside-5-glucoside	petunidin-3-coum-rutinoside-5-glu	Metabolite
petunidin-3-p-coumaroylrutinoside-5-glucoside	petunidin-3-p-coumaroylrutinoside-5-glucoside	Metabolite
PGA	PGA	Metabolite
phenazine-1-carboxamide	phenazine-1-carboxamide	Metabolite
phenethylamine	phenethylamine	Metabolite
phenolic	phenol	Metabolite
phenolic	phenolic	Metabolite
phenolic	phenolic acids	Metabolite
phenolic	phenolics	Metabolite
phenylalanine	phenylalanine	Metabolite
phosphotyrosine	phosphotyrosine	Metabolite
phtalamic acid	phtalamic acid	Metabolite
phytoene	phytoene	Metabolite
polyamine	polyamine	Metabolite
polygalacturonic acid	polygalacturonic acid	Metabolite
polyphenol	polyphenol	Metabolite
polyphenol	polyphenolic	Metabolite
polyphenol	polyphenols	Metabolite
prenyl pyrophosphate	prenyl pyrophosphate	Metabolite
prenyl pyrophosphate	prenyl pyrophosphates	Metabolite
protocatechuic acid	Protocatechuic acid	Metabolite
provitamin A	provitamin A	Metabolite
provitamin A	provitamin A.	Metabolite
pseudoionone	pseudoionone	Metabolite
quercetin	quercetin	Metabolite
quercetin-3-rutinoside	quercetin-3-rutinoside	Metabolite
quinabactin	quinabactin	Metabolite
quinones	quinones	Metabolite
retinol	retinol	Metabolite
rutin	rutin	Metabolite
salicylic acid	Salicylic acid	Metabolite
solanine	solanine	Metabolite
starch	starch	Metabolite
starch-synthesizing	starch-synthesizing	Metabolite
staurosporine	staurosporine	Metabolite
strigolactone	strigolactone	Metabolite
strigolactone	strigolactones	Metabolite
sucrose	sucrose	Metabolite
sucrose-hexose	sucrose-hexose	Metabolite
sucrose-hydrolysing	sucrose-hydrolysing	Metabolite
sucrose-responsive	sucrose-responsive	Metabolite
TAC	TAC	Metabolite
taraxanthin	taraxanthin	Metabolite
taraxanthin	tarax-anthin	Metabolite
TCA	TCA	Metabolite
teasterone	teasterone	Metabolite
tocopherol	tocopherol	Metabolite
tocopherol	tocopherols	Metabolite
TP	TP	Metabolite
trans-cinnamic acid	trans-cinnamic acid	Metabolite
tricarboxylic acid	tricarboxylic acid	Metabolite
tuberonic acid	tuberonic acid	Metabolite
tyramine	tyramine	Metabolite
tyrosine	tyrosine	Metabolite
tyrosine	tyrosine-and	Metabolite
UDP-galactose	UDP-galactose	Metabolite
uronic acid	uronic acid	Metabolite
V	V	Metabolite
violaxanthin	violaxanthin	Metabolite
violaxanthin	violaxan-thin	Metabolite
violaxanthin	viola-xanthin	Metabolite
violaxanthin-like carotenoid	violaxanthin-like carotenoid	Metabolite
violoxanthin	violoxanthin	Metabolite
vitamin A	vitamin A	Metabolite
vitamin A	vitamin A.	Metabolite
xanthine	xanthine	Metabolite
xanthophyll	xanthophyll	Metabolite
xanthophyll	xanthophylls	Metabolite
xanthophyll esters	xanthophyll esters	Metabolite
xanthoxin	xanthoxin	Metabolite
Z	Z	Metabolite
Z-abienol	Z-abienol	Metabolite
z-carotene	z-carotene	Metabolite
zea	zea	Metabolite
zeaxanthin	zeaxanthin	Metabolite
zeaxanthin	zeax-anthin	Metabolite
zeaxanthin-rich	zeaxanthin-rich	Metabolite
Label	subjectText	subjectType
amylopectin branching	amylopectin branching	Trait
branching	branching	Trait
browning	Browning	Trait
colour	colour	Trait
colour	coloured	Trait
cooking type	cooking type	Trait
developing tubers	developing tubers	Trait
development	development	Trait
discoloration	discoloration	Trait
disease resistance	disease resistance	Trait
dormancy	dormancy	Trait
enzymatic discoloration	ED	Trait
enzymatic discoloration	enzymatic browning	Trait
enzymatic discoloration	enzymatic discoloration	Trait
flesh	flesh	Trait
flesh	fleshed	Trait
flesh trait	Flesh Trait	Trait
flower colour	flower colour	Trait
flower development	flower development	Trait
flower shape	flower shape	Trait
flowering	flower	Trait
flowering	flowering	Trait
growth	growth	Trait
nutritional value	nutritional value	Trait
onset	onset	Trait
orange flesh	orange-fleshed	Trait
plant development	plant development	Trait
plant growth	plant growth	Trait
plant height	plant height	Trait
quality trait	quality trait	Trait
quality trait	Quality traits	Trait
senescence	senescence	Trait
shoot growth	shoot	Trait
shoot growth	shoot branching	Trait
shoot growth	shoot formation	Trait
shoot growth	shoot growth	Trait
shoot growth	shoot-branching	Trait
sprouting	sprouting	Trait
stolon swelling	stolon swelling	Trait
stolon swelling	swelling stolons	Trait
swelling	swelling	Trait
texture after cooking	texture after cooking	Trait
tuber color	tuber color	Trait
tuber cooking type	tuber cooking type	Trait
tuber development	tuber development	Trait
tuber dormancy	tuber dormancy	Trait
tuber firmness after cooking	tuber firmness after cooking	Trait
tuber flesh	flesh tuber	Trait
tuber flesh	fleshed tuber	Trait
tuber flesh	tuber flesh	Trait
tuber flesh colour	flesh color	Trait
tuber flesh colour	flesh colors	Trait
tuber flesh colour	flesh colour	Trait
tuber flesh colour	flesh colours	Trait
tuber flesh colour	tuber flesh color	Trait
tuber flesh colour	Tuber flesh colour	Trait
tuber flesh colour	tuber Xesh color	Trait
tuber growth	tuber formation	Trait
tuber growth	tuber growth	Trait
tuber initiation	tuber induction	Trait
tuber initiation	tuber initiation	Trait
tuber initiation	tuber onset	Trait
tuber initiation	tuber organogenesis	Trait
tuber initiation	tuberization	Trait
tuber maturation	tuber maturation	Trait
tuber mealiness	tuber mealiness	Trait
tuber number	tuber number	Trait
tuber shape	tuber shape	Trait
tuber size	Tuber size	Trait
tuber weight	tuber weight	Trait
tuber yield	tuber yield	Trait
tuber yield	yield of tubers	Trait
white flesh colour	white-fleshed	Trait
yellow orange colour	yellow-orange color	Trait
yield	yield	Trait
H	′H	Gene_or_Protein
AN1	AN1	Gene_or_Protein
AN2	an2	Gene_or_Protein
anthocyanidin-3′-O-glycoside-6′-O-acyl transferase	anthocyanidin-3′-O-glycoside-6′-O-acyl transferase	Gene_or_Protein
anthocyanidin-glycoside-3′-O-methyl transferase	anthocyanidin-glycoside-3′-O-methyl transferase	Gene_or_Protein
ascorbate peroxidase	ascorbate peroxidase	Gene_or_Protein
beta-carotene hydroxylase	Bch	Gene_or_Protein
 -carotene desaturase	-carotene desaturase	Gene_or_Protein
 -carotene hydroxylase	-carotene hydroxylase	Gene_or_Protein
CCD4	CCD4A	Gene_or_Protein
CCS	Ccs	Gene_or_Protein
cd2	CD2	Gene_or_Protein
chalcone synthase	Chalcone synthase	Gene_or_Protein
CHS	chs	Gene_or_Protein
CHY	Chy	Gene_or_Protein
CHY	Chy2	Gene_or_Protein
crtB	CRTB	Gene_or_Protein
crtI	CrtI	Gene_or_Protein
CrtISO	CRTISO	Gene_or_Protein
 -cysteine desulfhydrase	-cysteine desulfhydrase	Gene_or_Protein
DXS	dxs	Gene_or_Protein
epoxide hydrolase	Epoxide hydrolase	Gene_or_Protein
F3H	f3h	Gene_or_Protein
flavonoid-3-hydroxylase	flavonoid-3′-hydroxylase;	Gene_or_Protein
 -glucuronidase	-glucuronidase	Gene_or_Protein
JAF13	jaf13	Gene_or_Protein
kinase	KINASE	Gene_or_Protein
LCY-b	LCY-B	Gene_or_Protein
leucine aminopeptidase	Leucine aminopeptidase	Gene_or_Protein
lipoxygenase	Lipoxygenase	Gene_or_Protein
lycopene beta-cyclase	Lycopene beta-cyclase	Gene_or_Protein
lycopene beta-cyclase	lycopene β-cyclases	Gene_or_Protein
MICRO.127.C2	Micro.187.C2	Gene_or_Protein
MYB	Myb	Gene_or_Protein
neoxanthin synthase	Neoxanthin synthase	Gene_or_Protein
patatin	Patatin	Gene_or_Protein
PDS	Pds	Gene_or_Protein
phytoene desaturase	Phytoene desaturase	Gene_or_Protein
phytoene desaturase	phytoene synthase	Gene_or_Protein
Pin2	pin2	Gene_or_Protein
polyphenol oxidase	Polyphenol oxidase	Gene_or_Protein
PPO	Ppo	Gene_or_Protein
psy	PSY	Gene_or_Protein
psy	PSY1	Gene_or_Protein
psy	Psy2	Gene_or_Protein
 -pyrophosphatase	-pyrophosphatase	Gene_or_Protein
 -ring hydroxylase	-ring hydroxylase	Gene_or_Protein
SGT	Sgt1	Gene_or_Protein
SGT	SGT2	Gene_or_Protein
AN1	StAN1	Gene_or_Protein
sucrose	sucrose	Gene_or_Protein
sucrose synthase	Sucrose synthase	Gene_or_Protein
tlcy-b	tLcy-b	Gene_or_Protein
TLRP	tlrp	Gene_or_Protein
 -ureidopropionase	-ureidopropionase	Gene_or_Protein
zds	ZDS	Gene_or_Protein
zeaxanthin epoxidase	Zeaxanthin Epoxidase	Gene_or_Protein
zeaxanthin epoxidase	Zep	Gene_or_Protein
beta-carotene hydroxylase	β-carotene hydroxylase	Gene_or_Protein
beta-carotene hydroxylase	β-carotene hydroxylase 2	Gene_or_Protein
beta-cyclase	β-cyclase	Gene_or_Protein
epsilon-cyclase	ε-cyclase	Gene_or_Protein
 abscissic acid	Abscisic acid	Metabolite
 abscissic acid	abscissic acid	Metabolite
 aminobutyric acid	-aminobutyric acid	Metabolite
aminoisobutyric acid	-aminoisobutyric acid	Metabolite
antheraxanthin	Antheraxanthin	Metabolite
anthocyanin	Anthocyanin	Metabolite
anthocyanin	Anthocyanins	Metabolite
ascorbate	ASCORBATE	Metabolite
beta-carotene	b-Carotene	Metabolite
beta-carotene	Beta-carotene	Metabolite
caffeoylquinic acid	Caffeoylquinic acid	Metabolite
carotene	-carotene	Metabolite
carotenoid	Carotenoid	Metabolite
carotenoid	Carotenoids	Metabolite
chlorogenic acid	Chlorogenic acid	Metabolite
chlorophyll	Chlorophyll	Metabolite
cysteine	-cysteine	Metabolite
flavonoid	Flavonoid	Metabolite
flavonoid	Flavonoids	Metabolite
flavonoid	gallic acid	Metabolite
gibberellic acid	Gibberellic acid	Metabolite
jasmonates	Jasmonates	Metabolite
lutein	Lutein	Metabolite
lycopene	Lycopene	Metabolite
lycopene e-cyclase	lycopene ε-cyclase	Metabolite
 nordihydroguaiaretic acid	nordihydroguaiaretic acid	Metabolite
norflurazon	Norflurazon	Metabolite
phenolic	Phenolic	Metabolite
protocatechuic acid	protocatechuic acid	Metabolite
provitamin A	Provitamin A	Metabolite
 salicylic acid	salicylic acid	Metabolite
solanine	-solanine	Metabolite
starch	Starch	Metabolite
strigolactone	Strigolactones	Metabolite
sucrose	Sucrose	Metabolite
tocopherol	-tocopherol	Metabolite
tuberonic acid	Tuberonic acid	Metabolite
tyrosine	Tyrosine	Metabolite
violaxanthin	Violaxanthin	Metabolite
vitamin A	Vitamin A	Metabolite
xanthophylls	Xanthophylls	Metabolite
Z	z	Metabolite
zeaxanthin	Zeaxanthin	Metabolite
beta-carotene	β-carotene	Metabolite
browning	browning	Trait
enzymatic discoloration	Enzymatic discoloration	Trait
tuber flesh colour	Tuber flesh Color	Trait
tuber flesh colour	tuber flesh colour	Trait
tuber size	tuber size	Trait
H	′H	Gene_or_Protein
anthocyanidin-3-O-glycoside-6-O-acyl transferase	anthocyanidin-3′-O-glycoside-6′-O-acyl transferase	Gene_or_Protein
anthocyanidin-glycoside-3-O-methyl transferase	anthocyanidin-glycoside-3′-O-methyl transferase	Gene_or_Protein
beta-carotene hydroxylase	BCH	Gene_or_Protein
chy	chy2	Gene_or_Protein
crtB	CrtB	Gene_or_Protein
flavonoid-3-hydroxylase	flavonoid-3′-hydroxylase;	Gene_or_Protein
lycopene beta-cyclase	lycopene β-cyclases	Gene_or_Protein
polyphenol oxidase	Polyphenol Oxidase	Gene_or_Protein
psy	Psy	Gene_or_Protein
psy	Psy1	Gene_or_Protein
psy	psy2	Gene_or_Protein
sucrose	SUCROSE	Gene_or_Protein
zeaxanthin epoxidase	Zeaxanthin epoxidase	Gene_or_Protein
beta-carotene hydroxylase	β-carotene hydroxylase	Gene_or_Protein
beta-carotene hydroxylase	β-carotene hydroxylase 2	Gene_or_Protein
beta-cyclase	β-cyclase	Gene_or_Protein
epsilon-cyclase	ε-cyclase	Gene_or_Protein
abscisic acid	ABSCISIC ACID	Metabolite
anthocyanin	ANTHOCYANIN	Metabolite
beta-carotene	B-carotene	Metabolite
lycopene e-cyclase	lycopene ε-cyclase	Metabolite
beta-carotene	β-carotene	Metabolite
lycopene beta-cyclase	lycopene β-cyclases	Gene_or_Protein
lycopene beta-cyclase	β-carotene hydroxylase	Gene_or_Protein
beta-carotene hydroxylase	β-carotene hydroxylase 2	Gene_or_Protein
beta-cyclase	β-cyclase	Gene_or_Protein
epsilon-cyclase	ε-cyclase	Gene_or_Protein
lycopene e-cyclase	lycopene ε-cyclase	Metabolite
beta-carotene	β-carotene	Metabolite
